suite,method,order,n,m,seed,trial,measurement,operation,time_ms,peak_kib,correct,total_dfns,python_version,platform,commit_sha,timestamp_utc
n-scaling,proposed,t-inc,20,100,20260803,-1,timing,preprocess,0.068287000,,True,9832694855532557984120038110,3.12.3,Linux-6.8.0-138-generic-x86_64-with-glibc2.39,unknown,2026-09-04T15:36:00.995567+00:00
n-scaling,proposed,t-inc,20,100,20260803,-1,memory,preprocess,,16.435547,True,9832694855532557984120038110,3.12.3,Linux-6.8.0-138-generic-x86_64-with-glibc2.39,unknown,2026-09-04T15:36:00.995567+00:00
n-scaling,proposed,t-inc,20,100,20260803,0,timing,unrank,3.370736000,,True,9832694855532557984120038110,3.12.3,Linux-6.8.0-138-generic-x86_64-with-glibc2.39,unknown,2026-09-04T15:36:00.995567+00:00
n-scaling,proposed,t-inc,20,100,20260803,0,timing,rank,1.947853000,,True,9832694855532557984120038110,3.12.3,Linux-6.8.0-138-generic-x86_64-with-glibc2.39,unknown,2026-09-04T15:36:00.995567+00:00
n-scaling,proposed,t-inc,20,100,20260803,1,timing,unrank,4.261560000,,True,9832694855532557984120038110,3.12.3,Linux-6.8.0-138-generic-x86_64-with-glibc2.39,unknown,2026-09-04T15:36:00.995567+00:00
n-scaling,proposed,t-inc,20,100,20260803,1,timing,rank,3.399559000,,True,9832694855532557984120038110,3.12.3,Linux-6.8.0-138-generic-x86_64-with-glibc2.39,unknown,2026-09-04T15:36:00.995567+00:00
n-scaling,proposed,t-inc,20,100,20260803,2,timing,unrank,3.154286000,,True,9832694855532557984120038110,3.12.3,Linux-6.8.0-138-generic-x86_64-with-glibc2.39,unknown,2026-09-04T15:36:00.995567+00:00
n-scaling,proposed,t-inc,20,100,20260803,2,timing,rank,3.209171000,,True,9832694855532557984120038110,3.12.3,Linux-6.8.0-138-generic-x86_64-with-glibc2.39,unknown,2026-09-04T15:36:00.995567+00:00
n-scaling,proposed,t-inc,20,100,20260803,3,timing,unrank,4.104119000,,True,9832694855532557984120038110,3.12.3,Linux-6.8.0-138-generic-x86_64-with-glibc2.39,unknown,2026-09-04T15:36:00.995567+00:00
n-scaling,proposed,t-inc,20,100,20260803,3,timing,rank,3.284346000,,True,9832694855532557984120038110,3.12.3,Linux-6.8.0-138-generic-x86_64-with-glibc2.39,unknown,2026-09-04T15:36:00.995567+00:00
n-scaling,proposed,t-inc,20,100,20260803,4,timing,unrank,2.764059000,,True,9832694855532557984120038110,3.12.3,Linux-6.8.0-138-generic-x86_64-with-glibc2.39,unknown,2026-09-04T15:36:00.995567+00:00
n-scaling,proposed,t-inc,20,100,20260803,4,timing,rank,2.682975000,,True,9832694855532557984120038110,3.12.3,Linux-6.8.0-138-generic-x86_64-with-glibc2.39,unknown,2026-09-04T15:36:00.995567+00:00
n-scaling,proposed,t-inc,20,100,20260803,5,timing,unrank,2.991310000,,True,9832694855532557984120038110,3.12.3,Linux-6.8.0-138-generic-x86_64-with-glibc2.39,unknown,2026-09-04T15:36:00.995567+00:00
n-scaling,proposed,t-inc,20,100,20260803,5,timing,rank,3.047207000,,True,9832694855532557984120038110,3.12.3,Linux-6.8.0-138-generic-x86_64-with-glibc2.39,unknown,2026-09-04T15:36:00.995567+00:00
n-scaling,proposed,t-inc,20,100,20260803,6,timing,unrank,3.523152000,,True,9832694855532557984120038110,3.12.3,Linux-6.8.0-138-generic-x86_64-with-glibc2.39,unknown,2026-09-04T15:36:00.995567+00:00
n-scaling,proposed,t-inc,20,100,20260803,6,timing,rank,3.181452000,,True,9832694855532557984120038110,3.12.3,Linux-6.8.0-138-generic-x86_64-with-glibc2.39,unknown,2026-09-04T15:36:00.995567+00:00
n-scaling,proposed,t-inc,20,100,20260803,7,timing,unrank,3.279773000,,True,9832694855532557984120038110,3.12.3,Linux-6.8.0-138-generic-x86_64-with-glibc2.39,unknown,2026-09-04T15:36:00.995567+00:00
n-scaling,proposed,t-inc,20,100,20260803,7,timing,rank,3.708828000,,True,9832694855532557984120038110,3.12.3,Linux-6.8.0-138-generic-x86_64-with-glibc2.39,unknown,2026-09-04T15:36:00.995567+00:00
n-scaling,proposed,t-inc,20,100,20260803,8,timing,unrank,2.619726000,,True,9832694855532557984120038110,3.12.3,Linux-6.8.0-138-generic-x86_64-with-glibc2.39,unknown,2026-09-04T15:36:00.995567+00:00
n-scaling,proposed,t-inc,20,100,20260803,8,timing,rank,2.758084000,,True,9832694855532557984120038110,3.12.3,Linux-6.8.0-138-generic-x86_64-with-glibc2.39,unknown,2026-09-04T15:36:00.995567+00:00
n-scaling,proposed,t-inc,20,100,20260803,9,timing,unrank,2.995791000,,True,9832694855532557984120038110,3.12.3,Linux-6.8.0-138-generic-x86_64-with-glibc2.39,unknown,2026-09-04T15:36:00.995567+00:00
n-scaling,proposed,t-inc,20,100,20260803,9,timing,rank,3.384363000,,True,9832694855532557984120038110,3.12.3,Linux-6.8.0-138-generic-x86_64-with-glibc2.39,unknown,2026-09-04T15:36:00.995567+00:00
n-scaling,proposed,t-inc,20,100,20260803,10,timing,unrank,3.122780000,,True,9832694855532557984120038110,3.12.3,Linux-6.8.0-138-generic-x86_64-with-glibc2.39,unknown,2026-09-04T15:36:00.995567+00:00
n-scaling,proposed,t-inc,20,100,20260803,10,timing,rank,3.156435000,,True,9832694855532557984120038110,3.12.3,Linux-6.8.0-138-generic-x86_64-with-glibc2.39,unknown,2026-09-04T15:36:00.995567+00:00
n-scaling,proposed,t-inc,20,100,20260803,11,timing,unrank,4.149332000,,True,9832694855532557984120038110,3.12.3,Linux-6.8.0-138-generic-x86_64-with-glibc2.39,unknown,2026-09-04T15:36:00.995567+00:00
n-scaling,proposed,t-inc,20,100,20260803,11,timing,rank,3.174461000,,True,9832694855532557984120038110,3.12.3,Linux-6.8.0-138-generic-x86_64-with-glibc2.39,unknown,2026-09-04T15:36:00.995567+00:00
n-scaling,proposed,t-inc,20,100,20260803,12,timing,unrank,3.584630000,,True,9832694855532557984120038110,3.12.3,Linux-6.8.0-138-generic-x86_64-with-glibc2.39,unknown,2026-09-04T15:36:00.995567+00:00
n-scaling,proposed,t-inc,20,100,20260803,12,timing,rank,4.198289000,,True,9832694855532557984120038110,3.12.3,Linux-6.8.0-138-generic-x86_64-with-glibc2.39,unknown,2026-09-04T15:36:00.995567+00:00
n-scaling,proposed,t-inc,20,100,20260803,13,timing,unrank,3.097004000,,True,9832694855532557984120038110,3.12.3,Linux-6.8.0-138-generic-x86_64-with-glibc2.39,unknown,2026-09-04T15:36:00.995567+00:00
n-scaling,proposed,t-inc,20,100,20260803,13,timing,rank,2.763101000,,True,9832694855532557984120038110,3.12.3,Linux-6.8.0-138-generic-x86_64-with-glibc2.39,unknown,2026-09-04T15:36:00.995567+00:00
n-scaling,proposed,t-inc,20,100,20260803,14,timing,unrank,3.162758000,,True,9832694855532557984120038110,3.12.3,Linux-6.8.0-138-generic-x86_64-with-glibc2.39,unknown,2026-09-04T15:36:00.995567+00:00
n-scaling,proposed,t-inc,20,100,20260803,14,timing,rank,3.206098000,,True,9832694855532557984120038110,3.12.3,Linux-6.8.0-138-generic-x86_64-with-glibc2.39,unknown,2026-09-04T15:36:00.995567+00:00
n-scaling,proposed,t-inc,20,100,20260803,15,timing,unrank,2.768346000,,True,9832694855532557984120038110,3.12.3,Linux-6.8.0-138-generic-x86_64-with-glibc2.39,unknown,2026-09-04T15:36:00.995567+00:00
n-scaling,proposed,t-inc,20,100,20260803,15,timing,rank,2.618905000,,True,9832694855532557984120038110,3.12.3,Linux-6.8.0-138-generic-x86_64-with-glibc2.39,unknown,2026-09-04T15:36:00.995567+00:00
n-scaling,proposed,t-inc,20,100,20260803,16,timing,unrank,4.002003000,,True,9832694855532557984120038110,3.12.3,Linux-6.8.0-138-generic-x86_64-with-glibc2.39,unknown,2026-09-04T15:36:00.995567+00:00
n-scaling,proposed,t-inc,20,100,20260803,16,timing,rank,2.758483000,,True,9832694855532557984120038110,3.12.3,Linux-6.8.0-138-generic-x86_64-with-glibc2.39,unknown,2026-09-04T15:36:00.995567+00:00
n-scaling,proposed,t-inc,20,100,20260803,17,timing,unrank,3.218795000,,True,9832694855532557984120038110,3.12.3,Linux-6.8.0-138-generic-x86_64-with-glibc2.39,unknown,2026-09-04T15:36:00.995567+00:00
n-scaling,proposed,t-inc,20,100,20260803,17,timing,rank,4.721570000,,True,9832694855532557984120038110,3.12.3,Linux-6.8.0-138-generic-x86_64-with-glibc2.39,unknown,2026-09-04T15:36:00.995567+00:00
n-scaling,proposed,t-inc,20,100,20260803,18,timing,unrank,3.223978000,,True,9832694855532557984120038110,3.12.3,Linux-6.8.0-138-generic-x86_64-with-glibc2.39,unknown,2026-09-04T15:36:00.995567+00:00
n-scaling,proposed,t-inc,20,100,20260803,18,timing,rank,3.163747000,,True,9832694855532557984120038110,3.12.3,Linux-6.8.0-138-generic-x86_64-with-glibc2.39,unknown,2026-09-04T15:36:00.995567+00:00
n-scaling,proposed,t-inc,20,100,20260803,19,timing,unrank,3.200216000,,True,9832694855532557984120038110,3.12.3,Linux-6.8.0-138-generic-x86_64-with-glibc2.39,unknown,2026-09-04T15:36:00.995567+00:00
n-scaling,proposed,t-inc,20,100,20260803,19,timing,rank,2.210627000,,True,9832694855532557984120038110,3.12.3,Linux-6.8.0-138-generic-x86_64-with-glibc2.39,unknown,2026-09-04T15:36:00.995567+00:00
n-scaling,proposed,t-inc,20,100,20260803,20,timing,unrank,3.081408000,,True,9832694855532557984120038110,3.12.3,Linux-6.8.0-138-generic-x86_64-with-glibc2.39,unknown,2026-09-04T15:36:00.995567+00:00
n-scaling,proposed,t-inc,20,100,20260803,20,timing,rank,4.740298000,,True,9832694855532557984120038110,3.12.3,Linux-6.8.0-138-generic-x86_64-with-glibc2.39,unknown,2026-09-04T15:36:00.995567+00:00
n-scaling,proposed,t-inc,20,100,20260803,21,timing,unrank,2.788063000,,True,9832694855532557984120038110,3.12.3,Linux-6.8.0-138-generic-x86_64-with-glibc2.39,unknown,2026-09-04T15:36:00.995567+00:00
n-scaling,proposed,t-inc,20,100,20260803,21,timing,rank,2.616384000,,True,9832694855532557984120038110,3.12.3,Linux-6.8.0-138-generic-x86_64-with-glibc2.39,unknown,2026-09-04T15:36:00.995567+00:00
n-scaling,proposed,t-inc,20,100,20260803,22,timing,unrank,5.911066000,,True,9832694855532557984120038110,3.12.3,Linux-6.8.0-138-generic-x86_64-with-glibc2.39,unknown,2026-09-04T15:36:00.995567+00:00
n-scaling,proposed,t-inc,20,100,20260803,22,timing,rank,3.949351000,,True,9832694855532557984120038110,3.12.3,Linux-6.8.0-138-generic-x86_64-with-glibc2.39,unknown,2026-09-04T15:36:00.995567+00:00
n-scaling,proposed,t-inc,20,100,20260803,23,timing,unrank,3.561735000,,True,9832694855532557984120038110,3.12.3,Linux-6.8.0-138-generic-x86_64-with-glibc2.39,unknown,2026-09-04T15:36:00.995567+00:00
n-scaling,proposed,t-inc,20,100,20260803,23,timing,rank,3.074082000,,True,9832694855532557984120038110,3.12.3,Linux-6.8.0-138-generic-x86_64-with-glibc2.39,unknown,2026-09-04T15:36:00.995567+00:00
n-scaling,proposed,t-inc,20,100,20260803,24,timing,unrank,2.620409000,,True,9832694855532557984120038110,3.12.3,Linux-6.8.0-138-generic-x86_64-with-glibc2.39,unknown,2026-09-04T15:36:00.995567+00:00
n-scaling,proposed,t-inc,20,100,20260803,24,timing,rank,3.038294000,,True,9832694855532557984120038110,3.12.3,Linux-6.8.0-138-generic-x86_64-with-glibc2.39,unknown,2026-09-04T15:36:00.995567+00:00
n-scaling,proposed,t-inc,20,100,20260803,25,timing,unrank,3.685743000,,True,9832694855532557984120038110,3.12.3,Linux-6.8.0-138-generic-x86_64-with-glibc2.39,unknown,2026-09-04T15:36:00.995567+00:00
n-scaling,proposed,t-inc,20,100,20260803,25,timing,rank,2.787644000,,True,9832694855532557984120038110,3.12.3,Linux-6.8.0-138-generic-x86_64-with-glibc2.39,unknown,2026-09-04T15:36:00.995567+00:00
n-scaling,proposed,t-inc,20,100,20260803,26,timing,unrank,3.560726000,,True,9832694855532557984120038110,3.12.3,Linux-6.8.0-138-generic-x86_64-with-glibc2.39,unknown,2026-09-04T15:36:00.995567+00:00
n-scaling,proposed,t-inc,20,100,20260803,26,timing,rank,4.181693000,,True,9832694855532557984120038110,3.12.3,Linux-6.8.0-138-generic-x86_64-with-glibc2.39,unknown,2026-09-04T15:36:00.995567+00:00
n-scaling,proposed,t-inc,20,100,20260803,27,timing,unrank,3.439084000,,True,9832694855532557984120038110,3.12.3,Linux-6.8.0-138-generic-x86_64-with-glibc2.39,unknown,2026-09-04T15:36:00.995567+00:00
n-scaling,proposed,t-inc,20,100,20260803,27,timing,rank,4.001946000,,True,9832694855532557984120038110,3.12.3,Linux-6.8.0-138-generic-x86_64-with-glibc2.39,unknown,2026-09-04T15:36:00.995567+00:00
n-scaling,proposed,t-inc,20,100,20260803,28,timing,unrank,3.982322000,,True,9832694855532557984120038110,3.12.3,Linux-6.8.0-138-generic-x86_64-with-glibc2.39,unknown,2026-09-04T15:36:00.995567+00:00
n-scaling,proposed,t-inc,20,100,20260803,28,timing,rank,3.276659000,,True,9832694855532557984120038110,3.12.3,Linux-6.8.0-138-generic-x86_64-with-glibc2.39,unknown,2026-09-04T15:36:00.995567+00:00
n-scaling,proposed,t-inc,20,100,20260803,29,timing,unrank,3.214536000,,True,9832694855532557984120038110,3.12.3,Linux-6.8.0-138-generic-x86_64-with-glibc2.39,unknown,2026-09-04T15:36:00.995567+00:00
n-scaling,proposed,t-inc,20,100,20260803,29,timing,rank,3.146474000,,True,9832694855532557984120038110,3.12.3,Linux-6.8.0-138-generic-x86_64-with-glibc2.39,unknown,2026-09-04T15:36:00.995567+00:00
n-scaling,proposed,t-inc,20,100,20260803,0,memory,unrank,,7.500000,True,9832694855532557984120038110,3.12.3,Linux-6.8.0-138-generic-x86_64-with-glibc2.39,unknown,2026-09-04T15:36:00.995567+00:00
n-scaling,proposed,t-inc,20,100,20260803,0,memory,rank,,7.693359,True,9832694855532557984120038110,3.12.3,Linux-6.8.0-138-generic-x86_64-with-glibc2.39,unknown,2026-09-04T15:36:00.995567+00:00
n-scaling,proposed,t-inc,20,100,20260803,1,memory,unrank,,7.500000,True,9832694855532557984120038110,3.12.3,Linux-6.8.0-138-generic-x86_64-with-glibc2.39,unknown,2026-09-04T15:36:00.995567+00:00
n-scaling,proposed,t-inc,20,100,20260803,1,memory,rank,,7.693359,True,9832694855532557984120038110,3.12.3,Linux-6.8.0-138-generic-x86_64-with-glibc2.39,unknown,2026-09-04T15:36:00.995567+00:00
n-scaling,proposed,t-inc,20,100,20260803,2,memory,unrank,,7.500000,True,9832694855532557984120038110,3.12.3,Linux-6.8.0-138-generic-x86_64-with-glibc2.39,unknown,2026-09-04T15:36:00.995567+00:00
n-scaling,proposed,t-inc,20,100,20260803,2,memory,rank,,7.693359,True,9832694855532557984120038110,3.12.3,Linux-6.8.0-138-generic-x86_64-with-glibc2.39,unknown,2026-09-04T15:36:00.995567+00:00
n-scaling,proposed,t-inc,20,100,20260803,3,memory,unrank,,7.500000,True,9832694855532557984120038110,3.12.3,Linux-6.8.0-138-generic-x86_64-with-glibc2.39,unknown,2026-09-04T15:36:00.995567+00:00
n-scaling,proposed,t-inc,20,100,20260803,3,memory,rank,,7.693359,True,9832694855532557984120038110,3.12.3,Linux-6.8.0-138-generic-x86_64-with-glibc2.39,unknown,2026-09-04T15:36:00.995567+00:00
n-scaling,proposed,t-inc,20,100,20260803,4,memory,unrank,,7.500000,True,9832694855532557984120038110,3.12.3,Linux-6.8.0-138-generic-x86_64-with-glibc2.39,unknown,2026-09-04T15:36:00.995567+00:00
n-scaling,proposed,t-inc,20,100,20260803,4,memory,rank,,7.693359,True,9832694855532557984120038110,3.12.3,Linux-6.8.0-138-generic-x86_64-with-glibc2.39,unknown,2026-09-04T15:36:00.995567+00:00
n-scaling,proposed,t-inc,50,100,20360806,-1,timing,preprocess,0.410847000,,True,86172084621593512906382515583070820578895655843461836,3.12.3,Linux-6.8.0-138-generic-x86_64-with-glibc2.39,unknown,2026-09-04T15:36:00.995567+00:00
n-scaling,proposed,t-inc,50,100,20360806,-1,memory,preprocess,,94.029297,True,86172084621593512906382515583070820578895655843461836,3.12.3,Linux-6.8.0-138-generic-x86_64-with-glibc2.39,unknown,2026-09-04T15:36:00.995567+00:00
n-scaling,proposed,t-inc,50,100,20360806,0,timing,unrank,22.186420000,,True,86172084621593512906382515583070820578895655843461836,3.12.3,Linux-6.8.0-138-generic-x86_64-with-glibc2.39,unknown,2026-09-04T15:36:00.995567+00:00
n-scaling,proposed,t-inc,50,100,20360806,0,timing,rank,65.885152000,,True,86172084621593512906382515583070820578895655843461836,3.12.3,Linux-6.8.0-138-generic-x86_64-with-glibc2.39,unknown,2026-09-04T15:36:00.995567+00:00
n-scaling,proposed,t-inc,50,100,20360806,1,timing,unrank,53.771269000,,True,86172084621593512906382515583070820578895655843461836,3.12.3,Linux-6.8.0-138-generic-x86_64-with-glibc2.39,unknown,2026-09-04T15:36:00.995567+00:00
n-scaling,proposed,t-inc,50,100,20360806,1,timing,rank,26.433034000,,True,86172084621593512906382515583070820578895655843461836,3.12.3,Linux-6.8.0-138-generic-x86_64-with-glibc2.39,unknown,2026-09-04T15:36:00.995567+00:00
n-scaling,proposed,t-inc,50,100,20360806,2,timing,unrank,22.547896000,,True,86172084621593512906382515583070820578895655843461836,3.12.3,Linux-6.8.0-138-generic-x86_64-with-glibc2.39,unknown,2026-09-04T15:36:00.995567+00:00
n-scaling,proposed,t-inc,50,100,20360806,2,timing,rank,24.617080000,,True,86172084621593512906382515583070820578895655843461836,3.12.3,Linux-6.8.0-138-generic-x86_64-with-glibc2.39,unknown,2026-09-04T15:36:00.995567+00:00
n-scaling,proposed,t-inc,50,100,20360806,3,timing,unrank,26.354700000,,True,86172084621593512906382515583070820578895655843461836,3.12.3,Linux-6.8.0-138-generic-x86_64-with-glibc2.39,unknown,2026-09-04T15:36:00.995567+00:00
n-scaling,proposed,t-inc,50,100,20360806,3,timing,rank,24.673218000,,True,86172084621593512906382515583070820578895655843461836,3.12.3,Linux-6.8.0-138-generic-x86_64-with-glibc2.39,unknown,2026-09-04T15:36:00.995567+00:00
n-scaling,proposed,t-inc,50,100,20360806,4,timing,unrank,22.311050000,,True,86172084621593512906382515583070820578895655843461836,3.12.3,Linux-6.8.0-138-generic-x86_64-with-glibc2.39,unknown,2026-09-04T15:36:00.995567+00:00
n-scaling,proposed,t-inc,50,100,20360806,4,timing,rank,21.106440000,,True,86172084621593512906382515583070820578895655843461836,3.12.3,Linux-6.8.0-138-generic-x86_64-with-glibc2.39,unknown,2026-09-04T15:36:00.995567+00:00
n-scaling,proposed,t-inc,50,100,20360806,5,timing,unrank,22.522415000,,True,86172084621593512906382515583070820578895655843461836,3.12.3,Linux-6.8.0-138-generic-x86_64-with-glibc2.39,unknown,2026-09-04T15:36:00.995567+00:00
n-scaling,proposed,t-inc,50,100,20360806,5,timing,rank,24.144654000,,True,86172084621593512906382515583070820578895655843461836,3.12.3,Linux-6.8.0-138-generic-x86_64-with-glibc2.39,unknown,2026-09-04T15:36:00.995567+00:00
n-scaling,proposed,t-inc,50,100,20360806,6,timing,unrank,20.620777000,,True,86172084621593512906382515583070820578895655843461836,3.12.3,Linux-6.8.0-138-generic-x86_64-with-glibc2.39,unknown,2026-09-04T15:36:00.995567+00:00
n-scaling,proposed,t-inc,50,100,20360806,6,timing,rank,20.449153000,,True,86172084621593512906382515583070820578895655843461836,3.12.3,Linux-6.8.0-138-generic-x86_64-with-glibc2.39,unknown,2026-09-04T15:36:00.995567+00:00
n-scaling,proposed,t-inc,50,100,20360806,7,timing,unrank,19.324403000,,True,86172084621593512906382515583070820578895655843461836,3.12.3,Linux-6.8.0-138-generic-x86_64-with-glibc2.39,unknown,2026-09-04T15:36:00.995567+00:00
n-scaling,proposed,t-inc,50,100,20360806,7,timing,rank,24.872850000,,True,86172084621593512906382515583070820578895655843461836,3.12.3,Linux-6.8.0-138-generic-x86_64-with-glibc2.39,unknown,2026-09-04T15:36:00.995567+00:00
n-scaling,proposed,t-inc,50,100,20360806,8,timing,unrank,26.911093000,,True,86172084621593512906382515583070820578895655843461836,3.12.3,Linux-6.8.0-138-generic-x86_64-with-glibc2.39,unknown,2026-09-04T15:36:00.995567+00:00
n-scaling,proposed,t-inc,50,100,20360806,8,timing,rank,26.395235000,,True,86172084621593512906382515583070820578895655843461836,3.12.3,Linux-6.8.0-138-generic-x86_64-with-glibc2.39,unknown,2026-09-04T15:36:00.995567+00:00
n-scaling,proposed,t-inc,50,100,20360806,9,timing,unrank,29.068591000,,True,86172084621593512906382515583070820578895655843461836,3.12.3,Linux-6.8.0-138-generic-x86_64-with-glibc2.39,unknown,2026-09-04T15:36:00.995567+00:00
n-scaling,proposed,t-inc,50,100,20360806,9,timing,rank,41.434751000,,True,86172084621593512906382515583070820578895655843461836,3.12.3,Linux-6.8.0-138-generic-x86_64-with-glibc2.39,unknown,2026-09-04T15:36:00.995567+00:00
n-scaling,proposed,t-inc,50,100,20360806,10,timing,unrank,44.149442000,,True,86172084621593512906382515583070820578895655843461836,3.12.3,Linux-6.8.0-138-generic-x86_64-with-glibc2.39,unknown,2026-09-04T15:36:00.995567+00:00
n-scaling,proposed,t-inc,50,100,20360806,10,timing,rank,35.526114000,,True,86172084621593512906382515583070820578895655843461836,3.12.3,Linux-6.8.0-138-generic-x86_64-with-glibc2.39,unknown,2026-09-04T15:36:00.995567+00:00
n-scaling,proposed,t-inc,50,100,20360806,11,timing,unrank,20.860346000,,True,86172084621593512906382515583070820578895655843461836,3.12.3,Linux-6.8.0-138-generic-x86_64-with-glibc2.39,unknown,2026-09-04T15:36:00.995567+00:00
n-scaling,proposed,t-inc,50,100,20360806,11,timing,rank,29.892366000,,True,86172084621593512906382515583070820578895655843461836,3.12.3,Linux-6.8.0-138-generic-x86_64-with-glibc2.39,unknown,2026-09-04T15:36:00.995567+00:00
n-scaling,proposed,t-inc,50,100,20360806,12,timing,unrank,25.609009000,,True,86172084621593512906382515583070820578895655843461836,3.12.3,Linux-6.8.0-138-generic-x86_64-with-glibc2.39,unknown,2026-09-04T15:36:00.995567+00:00
n-scaling,proposed,t-inc,50,100,20360806,12,timing,rank,23.013098000,,True,86172084621593512906382515583070820578895655843461836,3.12.3,Linux-6.8.0-138-generic-x86_64-with-glibc2.39,unknown,2026-09-04T15:36:00.995567+00:00
n-scaling,proposed,t-inc,50,100,20360806,13,timing,unrank,17.390602000,,True,86172084621593512906382515583070820578895655843461836,3.12.3,Linux-6.8.0-138-generic-x86_64-with-glibc2.39,unknown,2026-09-04T15:36:00.995567+00:00
n-scaling,proposed,t-inc,50,100,20360806,13,timing,rank,17.204436000,,True,86172084621593512906382515583070820578895655843461836,3.12.3,Linux-6.8.0-138-generic-x86_64-with-glibc2.39,unknown,2026-09-04T15:36:00.995567+00:00
n-scaling,proposed,t-inc,50,100,20360806,14,timing,unrank,27.511163000,,True,86172084621593512906382515583070820578895655843461836,3.12.3,Linux-6.8.0-138-generic-x86_64-with-glibc2.39,unknown,2026-09-04T15:36:00.995567+00:00
n-scaling,proposed,t-inc,50,100,20360806,14,timing,rank,27.319482000,,True,86172084621593512906382515583070820578895655843461836,3.12.3,Linux-6.8.0-138-generic-x86_64-with-glibc2.39,unknown,2026-09-04T15:36:00.995567+00:00
n-scaling,proposed,t-inc,50,100,20360806,15,timing,unrank,23.419036000,,True,86172084621593512906382515583070820578895655843461836,3.12.3,Linux-6.8.0-138-generic-x86_64-with-glibc2.39,unknown,2026-09-04T15:36:00.995567+00:00
n-scaling,proposed,t-inc,50,100,20360806,15,timing,rank,20.807167000,,True,86172084621593512906382515583070820578895655843461836,3.12.3,Linux-6.8.0-138-generic-x86_64-with-glibc2.39,unknown,2026-09-04T15:36:00.995567+00:00
n-scaling,proposed,t-inc,50,100,20360806,16,timing,unrank,19.004146000,,True,86172084621593512906382515583070820578895655843461836,3.12.3,Linux-6.8.0-138-generic-x86_64-with-glibc2.39,unknown,2026-09-04T15:36:00.995567+00:00
n-scaling,proposed,t-inc,50,100,20360806,16,timing,rank,19.735910000,,True,86172084621593512906382515583070820578895655843461836,3.12.3,Linux-6.8.0-138-generic-x86_64-with-glibc2.39,unknown,2026-09-04T15:36:00.995567+00:00
n-scaling,proposed,t-inc,50,100,20360806,17,timing,unrank,30.736779000,,True,86172084621593512906382515583070820578895655843461836,3.12.3,Linux-6.8.0-138-generic-x86_64-with-glibc2.39,unknown,2026-09-04T15:36:00.995567+00:00
n-scaling,proposed,t-inc,50,100,20360806,17,timing,rank,29.855438000,,True,86172084621593512906382515583070820578895655843461836,3.12.3,Linux-6.8.0-138-generic-x86_64-with-glibc2.39,unknown,2026-09-04T15:36:00.995567+00:00
n-scaling,proposed,t-inc,50,100,20360806,18,timing,unrank,16.463947000,,True,86172084621593512906382515583070820578895655843461836,3.12.3,Linux-6.8.0-138-generic-x86_64-with-glibc2.39,unknown,2026-09-04T15:36:00.995567+00:00
n-scaling,proposed,t-inc,50,100,20360806,18,timing,rank,17.758125000,,True,86172084621593512906382515583070820578895655843461836,3.12.3,Linux-6.8.0-138-generic-x86_64-with-glibc2.39,unknown,2026-09-04T15:36:00.995567+00:00
n-scaling,proposed,t-inc,50,100,20360806,19,timing,unrank,21.395357000,,True,86172084621593512906382515583070820578895655843461836,3.12.3,Linux-6.8.0-138-generic-x86_64-with-glibc2.39,unknown,2026-09-04T15:36:00.995567+00:00
n-scaling,proposed,t-inc,50,100,20360806,19,timing,rank,20.853159000,,True,86172084621593512906382515583070820578895655843461836,3.12.3,Linux-6.8.0-138-generic-x86_64-with-glibc2.39,unknown,2026-09-04T15:36:00.995567+00:00
n-scaling,proposed,t-inc,50,100,20360806,20,timing,unrank,19.348099000,,True,86172084621593512906382515583070820578895655843461836,3.12.3,Linux-6.8.0-138-generic-x86_64-with-glibc2.39,unknown,2026-09-04T15:36:00.995567+00:00
n-scaling,proposed,t-inc,50,100,20360806,20,timing,rank,20.766034000,,True,86172084621593512906382515583070820578895655843461836,3.12.3,Linux-6.8.0-138-generic-x86_64-with-glibc2.39,unknown,2026-09-04T15:36:00.995567+00:00
n-scaling,proposed,t-inc,50,100,20360806,21,timing,unrank,20.354252000,,True,86172084621593512906382515583070820578895655843461836,3.12.3,Linux-6.8.0-138-generic-x86_64-with-glibc2.39,unknown,2026-09-04T15:36:00.995567+00:00
n-scaling,proposed,t-inc,50,100,20360806,21,timing,rank,25.616895000,,True,86172084621593512906382515583070820578895655843461836,3.12.3,Linux-6.8.0-138-generic-x86_64-with-glibc2.39,unknown,2026-09-04T15:36:00.995567+00:00
n-scaling,proposed,t-inc,50,100,20360806,22,timing,unrank,21.845683000,,True,86172084621593512906382515583070820578895655843461836,3.12.3,Linux-6.8.0-138-generic-x86_64-with-glibc2.39,unknown,2026-09-04T15:36:00.995567+00:00
n-scaling,proposed,t-inc,50,100,20360806,22,timing,rank,21.584272000,,True,86172084621593512906382515583070820578895655843461836,3.12.3,Linux-6.8.0-138-generic-x86_64-with-glibc2.39,unknown,2026-09-04T15:36:00.995567+00:00
n-scaling,proposed,t-inc,50,100,20360806,23,timing,unrank,23.572239000,,True,86172084621593512906382515583070820578895655843461836,3.12.3,Linux-6.8.0-138-generic-x86_64-with-glibc2.39,unknown,2026-09-04T15:36:00.995567+00:00
n-scaling,proposed,t-inc,50,100,20360806,23,timing,rank,29.095962000,,True,86172084621593512906382515583070820578895655843461836,3.12.3,Linux-6.8.0-138-generic-x86_64-with-glibc2.39,unknown,2026-09-04T15:36:00.995567+00:00
n-scaling,proposed,t-inc,50,100,20360806,24,timing,unrank,30.027110000,,True,86172084621593512906382515583070820578895655843461836,3.12.3,Linux-6.8.0-138-generic-x86_64-with-glibc2.39,unknown,2026-09-04T15:36:00.995567+00:00
n-scaling,proposed,t-inc,50,100,20360806,24,timing,rank,43.187818000,,True,86172084621593512906382515583070820578895655843461836,3.12.3,Linux-6.8.0-138-generic-x86_64-with-glibc2.39,unknown,2026-09-04T15:36:00.995567+00:00
n-scaling,proposed,t-inc,50,100,20360806,25,timing,unrank,24.116348000,,True,86172084621593512906382515583070820578895655843461836,3.12.3,Linux-6.8.0-138-generic-x86_64-with-glibc2.39,unknown,2026-09-04T15:36:00.995567+00:00
n-scaling,proposed,t-inc,50,100,20360806,25,timing,rank,23.966908000,,True,86172084621593512906382515583070820578895655843461836,3.12.3,Linux-6.8.0-138-generic-x86_64-with-glibc2.39,unknown,2026-09-04T15:36:00.995567+00:00
n-scaling,proposed,t-inc,50,100,20360806,26,timing,unrank,21.584672000,,True,86172084621593512906382515583070820578895655843461836,3.12.3,Linux-6.8.0-138-generic-x86_64-with-glibc2.39,unknown,2026-09-04T15:36:00.995567+00:00
n-scaling,proposed,t-inc,50,100,20360806,26,timing,rank,21.464278000,,True,86172084621593512906382515583070820578895655843461836,3.12.3,Linux-6.8.0-138-generic-x86_64-with-glibc2.39,unknown,2026-09-04T15:36:00.995567+00:00
n-scaling,proposed,t-inc,50,100,20360806,27,timing,unrank,16.482075000,,True,86172084621593512906382515583070820578895655843461836,3.12.3,Linux-6.8.0-138-generic-x86_64-with-glibc2.39,unknown,2026-09-04T15:36:00.995567+00:00
n-scaling,proposed,t-inc,50,100,20360806,27,timing,rank,17.621614000,,True,86172084621593512906382515583070820578895655843461836,3.12.3,Linux-6.8.0-138-generic-x86_64-with-glibc2.39,unknown,2026-09-04T15:36:00.995567+00:00
n-scaling,proposed,t-inc,50,100,20360806,28,timing,unrank,21.173770000,,True,86172084621593512906382515583070820578895655843461836,3.12.3,Linux-6.8.0-138-generic-x86_64-with-glibc2.39,unknown,2026-09-04T15:36:00.995567+00:00
n-scaling,proposed,t-inc,50,100,20360806,28,timing,rank,20.675638000,,True,86172084621593512906382515583070820578895655843461836,3.12.3,Linux-6.8.0-138-generic-x86_64-with-glibc2.39,unknown,2026-09-04T15:36:00.995567+00:00
n-scaling,proposed,t-inc,50,100,20360806,29,timing,unrank,19.301923000,,True,86172084621593512906382515583070820578895655843461836,3.12.3,Linux-6.8.0-138-generic-x86_64-with-glibc2.39,unknown,2026-09-04T15:36:00.995567+00:00
n-scaling,proposed,t-inc,50,100,20360806,29,timing,rank,17.721929000,,True,86172084621593512906382515583070820578895655843461836,3.12.3,Linux-6.8.0-138-generic-x86_64-with-glibc2.39,unknown,2026-09-04T15:36:00.995567+00:00
n-scaling,proposed,t-inc,50,100,20360806,0,memory,unrank,,8.640625,True,86172084621593512906382515583070820578895655843461836,3.12.3,Linux-6.8.0-138-generic-x86_64-with-glibc2.39,unknown,2026-09-04T15:36:00.995567+00:00
n-scaling,proposed,t-inc,50,100,20360806,0,memory,rank,,8.365234,True,86172084621593512906382515583070820578895655843461836,3.12.3,Linux-6.8.0-138-generic-x86_64-with-glibc2.39,unknown,2026-09-04T15:36:00.995567+00:00
n-scaling,proposed,t-inc,50,100,20360806,1,memory,unrank,,8.640625,True,86172084621593512906382515583070820578895655843461836,3.12.3,Linux-6.8.0-138-generic-x86_64-with-glibc2.39,unknown,2026-09-04T15:36:00.995567+00:00
n-scaling,proposed,t-inc,50,100,20360806,1,memory,rank,,8.365234,True,86172084621593512906382515583070820578895655843461836,3.12.3,Linux-6.8.0-138-generic-x86_64-with-glibc2.39,unknown,2026-09-04T15:36:00.995567+00:00
n-scaling,proposed,t-inc,50,100,20360806,2,memory,unrank,,8.640625,True,86172084621593512906382515583070820578895655843461836,3.12.3,Linux-6.8.0-138-generic-x86_64-with-glibc2.39,unknown,2026-09-04T15:36:00.995567+00:00
n-scaling,proposed,t-inc,50,100,20360806,2,memory,rank,,8.365234,True,86172084621593512906382515583070820578895655843461836,3.12.3,Linux-6.8.0-138-generic-x86_64-with-glibc2.39,unknown,2026-09-04T15:36:00.995567+00:00
n-scaling,proposed,t-inc,50,100,20360806,3,memory,unrank,,8.640625,True,86172084621593512906382515583070820578895655843461836,3.12.3,Linux-6.8.0-138-generic-x86_64-with-glibc2.39,unknown,2026-09-04T15:36:00.995567+00:00
n-scaling,proposed,t-inc,50,100,20360806,3,memory,rank,,8.365234,True,86172084621593512906382515583070820578895655843461836,3.12.3,Linux-6.8.0-138-generic-x86_64-with-glibc2.39,unknown,2026-09-04T15:36:00.995567+00:00
n-scaling,proposed,t-inc,50,100,20360806,4,memory,unrank,,8.640625,True,86172084621593512906382515583070820578895655843461836,3.12.3,Linux-6.8.0-138-generic-x86_64-with-glibc2.39,unknown,2026-09-04T15:36:00.995567+00:00
n-scaling,proposed,t-inc,50,100,20360806,4,memory,rank,,8.365234,True,86172084621593512906382515583070820578895655843461836,3.12.3,Linux-6.8.0-138-generic-x86_64-with-glibc2.39,unknown,2026-09-04T15:36:00.995567+00:00
n-scaling,proposed,t-inc,100,100,20460809,-1,timing,preprocess,1.026501000,,True,1845021273552852584641902612572920201729794281255264421458068445493080288375647080,3.12.3,Linux-6.8.0-138-generic-x86_64-with-glibc2.39,unknown,2026-09-04T15:36:00.995567+00:00
n-scaling,proposed,t-inc,100,100,20460809,-1,memory,preprocess,,362.966797,True,1845021273552852584641902612572920201729794281255264421458068445493080288375647080,3.12.3,Linux-6.8.0-138-generic-x86_64-with-glibc2.39,unknown,2026-09-04T15:36:00.995567+00:00
n-scaling,proposed,t-inc,100,100,20460809,0,timing,unrank,144.857348000,,True,1845021273552852584641902612572920201729794281255264421458068445493080288375647080,3.12.3,Linux-6.8.0-138-generic-x86_64-with-glibc2.39,unknown,2026-09-04T15:36:00.995567+00:00
n-scaling,proposed,t-inc,100,100,20460809,0,timing,rank,149.169083000,,True,1845021273552852584641902612572920201729794281255264421458068445493080288375647080,3.12.3,Linux-6.8.0-138-generic-x86_64-with-glibc2.39,unknown,2026-09-04T15:36:00.995567+00:00
n-scaling,proposed,t-inc,100,100,20460809,1,timing,unrank,135.791073000,,True,1845021273552852584641902612572920201729794281255264421458068445493080288375647080,3.12.3,Linux-6.8.0-138-generic-x86_64-with-glibc2.39,unknown,2026-09-04T15:36:00.995567+00:00
n-scaling,proposed,t-inc,100,100,20460809,1,timing,rank,167.444929000,,True,1845021273552852584641902612572920201729794281255264421458068445493080288375647080,3.12.3,Linux-6.8.0-138-generic-x86_64-with-glibc2.39,unknown,2026-09-04T15:36:00.995567+00:00
n-scaling,proposed,t-inc,100,100,20460809,2,timing,unrank,142.178060000,,True,1845021273552852584641902612572920201729794281255264421458068445493080288375647080,3.12.3,Linux-6.8.0-138-generic-x86_64-with-glibc2.39,unknown,2026-09-04T15:36:00.995567+00:00
n-scaling,proposed,t-inc,100,100,20460809,2,timing,rank,126.045893000,,True,1845021273552852584641902612572920201729794281255264421458068445493080288375647080,3.12.3,Linux-6.8.0-138-generic-x86_64-with-glibc2.39,unknown,2026-09-04T15:36:00.995567+00:00
n-scaling,proposed,t-inc,100,100,20460809,3,timing,unrank,158.275127000,,True,1845021273552852584641902612572920201729794281255264421458068445493080288375647080,3.12.3,Linux-6.8.0-138-generic-x86_64-with-glibc2.39,unknown,2026-09-04T15:36:00.995567+00:00
n-scaling,proposed,t-inc,100,100,20460809,3,timing,rank,161.963949000,,True,1845021273552852584641902612572920201729794281255264421458068445493080288375647080,3.12.3,Linux-6.8.0-138-generic-x86_64-with-glibc2.39,unknown,2026-09-04T15:36:00.995567+00:00
n-scaling,proposed,t-inc,100,100,20460809,4,timing,unrank,113.900880000,,True,1845021273552852584641902612572920201729794281255264421458068445493080288375647080,3.12.3,Linux-6.8.0-138-generic-x86_64-with-glibc2.39,unknown,2026-09-04T15:36:00.995567+00:00
n-scaling,proposed,t-inc,100,100,20460809,4,timing,rank,117.724441000,,True,1845021273552852584641902612572920201729794281255264421458068445493080288375647080,3.12.3,Linux-6.8.0-138-generic-x86_64-with-glibc2.39,unknown,2026-09-04T15:36:00.995567+00:00
n-scaling,proposed,t-inc,100,100,20460809,5,timing,unrank,104.690675000,,True,1845021273552852584641902612572920201729794281255264421458068445493080288375647080,3.12.3,Linux-6.8.0-138-generic-x86_64-with-glibc2.39,unknown,2026-09-04T15:36:00.995567+00:00
n-scaling,proposed,t-inc,100,100,20460809,5,timing,rank,102.866069000,,True,1845021273552852584641902612572920201729794281255264421458068445493080288375647080,3.12.3,Linux-6.8.0-138-generic-x86_64-with-glibc2.39,unknown,2026-09-04T15:36:00.995567+00:00
n-scaling,proposed,t-inc,100,100,20460809,6,timing,unrank,102.626049000,,True,1845021273552852584641902612572920201729794281255264421458068445493080288375647080,3.12.3,Linux-6.8.0-138-generic-x86_64-with-glibc2.39,unknown,2026-09-04T15:36:00.995567+00:00
n-scaling,proposed,t-inc,100,100,20460809,6,timing,rank,104.469726000,,True,1845021273552852584641902612572920201729794281255264421458068445493080288375647080,3.12.3,Linux-6.8.0-138-generic-x86_64-with-glibc2.39,unknown,2026-09-04T15:36:00.995567+00:00
n-scaling,proposed,t-inc,100,100,20460809,7,timing,unrank,130.804040000,,True,1845021273552852584641902612572920201729794281255264421458068445493080288375647080,3.12.3,Linux-6.8.0-138-generic-x86_64-with-glibc2.39,unknown,2026-09-04T15:36:00.995567+00:00
n-scaling,proposed,t-inc,100,100,20460809,7,timing,rank,125.554970000,,True,1845021273552852584641902612572920201729794281255264421458068445493080288375647080,3.12.3,Linux-6.8.0-138-generic-x86_64-with-glibc2.39,unknown,2026-09-04T15:36:00.995567+00:00
n-scaling,proposed,t-inc,100,100,20460809,8,timing,unrank,131.406266000,,True,1845021273552852584641902612572920201729794281255264421458068445493080288375647080,3.12.3,Linux-6.8.0-138-generic-x86_64-with-glibc2.39,unknown,2026-09-04T15:36:00.995567+00:00
n-scaling,proposed,t-inc,100,100,20460809,8,timing,rank,149.006921000,,True,1845021273552852584641902612572920201729794281255264421458068445493080288375647080,3.12.3,Linux-6.8.0-138-generic-x86_64-with-glibc2.39,unknown,2026-09-04T15:36:00.995567+00:00
n-scaling,proposed,t-inc,100,100,20460809,9,timing,unrank,224.561842000,,True,1845021273552852584641902612572920201729794281255264421458068445493080288375647080,3.12.3,Linux-6.8.0-138-generic-x86_64-with-glibc2.39,unknown,2026-09-04T15:36:00.995567+00:00
n-scaling,proposed,t-inc,100,100,20460809,9,timing,rank,268.124972000,,True,1845021273552852584641902612572920201729794281255264421458068445493080288375647080,3.12.3,Linux-6.8.0-138-generic-x86_64-with-glibc2.39,unknown,2026-09-04T15:36:00.995567+00:00
n-scaling,proposed,t-inc,100,100,20460809,10,timing,unrank,187.212909000,,True,1845021273552852584641902612572920201729794281255264421458068445493080288375647080,3.12.3,Linux-6.8.0-138-generic-x86_64-with-glibc2.39,unknown,2026-09-04T15:36:00.995567+00:00
n-scaling,proposed,t-inc,100,100,20460809,10,timing,rank,150.660083000,,True,1845021273552852584641902612572920201729794281255264421458068445493080288375647080,3.12.3,Linux-6.8.0-138-generic-x86_64-with-glibc2.39,unknown,2026-09-04T15:36:00.995567+00:00
n-scaling,proposed,t-inc,100,100,20460809,11,timing,unrank,110.893319000,,True,1845021273552852584641902612572920201729794281255264421458068445493080288375647080,3.12.3,Linux-6.8.0-138-generic-x86_64-with-glibc2.39,unknown,2026-09-04T15:36:00.995567+00:00
n-scaling,proposed,t-inc,100,100,20460809,11,timing,rank,108.041312000,,True,1845021273552852584641902612572920201729794281255264421458068445493080288375647080,3.12.3,Linux-6.8.0-138-generic-x86_64-with-glibc2.39,unknown,2026-09-04T15:36:00.995567+00:00
n-scaling,proposed,t-inc,100,100,20460809,12,timing,unrank,116.358577000,,True,1845021273552852584641902612572920201729794281255264421458068445493080288375647080,3.12.3,Linux-6.8.0-138-generic-x86_64-with-glibc2.39,unknown,2026-09-04T15:36:00.995567+00:00
n-scaling,proposed,t-inc,100,100,20460809,12,timing,rank,122.021791000,,True,1845021273552852584641902612572920201729794281255264421458068445493080288375647080,3.12.3,Linux-6.8.0-138-generic-x86_64-with-glibc2.39,unknown,2026-09-04T15:36:00.995567+00:00
n-scaling,proposed,t-inc,100,100,20460809,13,timing,unrank,151.160986000,,True,1845021273552852584641902612572920201729794281255264421458068445493080288375647080,3.12.3,Linux-6.8.0-138-generic-x86_64-with-glibc2.39,unknown,2026-09-04T15:36:00.995567+00:00
n-scaling,proposed,t-inc,100,100,20460809,13,timing,rank,153.059622000,,True,1845021273552852584641902612572920201729794281255264421458068445493080288375647080,3.12.3,Linux-6.8.0-138-generic-x86_64-with-glibc2.39,unknown,2026-09-04T15:36:00.995567+00:00
n-scaling,proposed,t-inc,100,100,20460809,14,timing,unrank,121.361208000,,True,1845021273552852584641902612572920201729794281255264421458068445493080288375647080,3.12.3,Linux-6.8.0-138-generic-x86_64-with-glibc2.39,unknown,2026-09-04T15:36:00.995567+00:00
n-scaling,proposed,t-inc,100,100,20460809,14,timing,rank,114.703866000,,True,1845021273552852584641902612572920201729794281255264421458068445493080288375647080,3.12.3,Linux-6.8.0-138-generic-x86_64-with-glibc2.39,unknown,2026-09-04T15:36:00.995567+00:00
n-scaling,proposed,t-inc,100,100,20460809,15,timing,unrank,112.347017000,,True,1845021273552852584641902612572920201729794281255264421458068445493080288375647080,3.12.3,Linux-6.8.0-138-generic-x86_64-with-glibc2.39,unknown,2026-09-04T15:36:00.995567+00:00
n-scaling,proposed,t-inc,100,100,20460809,15,timing,rank,116.658093000,,True,1845021273552852584641902612572920201729794281255264421458068445493080288375647080,3.12.3,Linux-6.8.0-138-generic-x86_64-with-glibc2.39,unknown,2026-09-04T15:36:00.995567+00:00
n-scaling,proposed,t-inc,100,100,20460809,16,timing,unrank,111.471163000,,True,1845021273552852584641902612572920201729794281255264421458068445493080288375647080,3.12.3,Linux-6.8.0-138-generic-x86_64-with-glibc2.39,unknown,2026-09-04T15:36:00.995567+00:00
n-scaling,proposed,t-inc,100,100,20460809,16,timing,rank,111.631187000,,True,1845021273552852584641902612572920201729794281255264421458068445493080288375647080,3.12.3,Linux-6.8.0-138-generic-x86_64-with-glibc2.39,unknown,2026-09-04T15:36:00.995567+00:00
n-scaling,proposed,t-inc,100,100,20460809,17,timing,unrank,178.887455000,,True,1845021273552852584641902612572920201729794281255264421458068445493080288375647080,3.12.3,Linux-6.8.0-138-generic-x86_64-with-glibc2.39,unknown,2026-09-04T15:36:00.995567+00:00
n-scaling,proposed,t-inc,100,100,20460809,17,timing,rank,156.455185000,,True,1845021273552852584641902612572920201729794281255264421458068445493080288375647080,3.12.3,Linux-6.8.0-138-generic-x86_64-with-glibc2.39,unknown,2026-09-04T15:36:00.995567+00:00
n-scaling,proposed,t-inc,100,100,20460809,18,timing,unrank,111.564738000,,True,1845021273552852584641902612572920201729794281255264421458068445493080288375647080,3.12.3,Linux-6.8.0-138-generic-x86_64-with-glibc2.39,unknown,2026-09-04T15:36:00.995567+00:00
n-scaling,proposed,t-inc,100,100,20460809,18,timing,rank,106.775739000,,True,1845021273552852584641902612572920201729794281255264421458068445493080288375647080,3.12.3,Linux-6.8.0-138-generic-x86_64-with-glibc2.39,unknown,2026-09-04T15:36:00.995567+00:00
n-scaling,proposed,t-inc,100,100,20460809,19,timing,unrank,126.912270000,,True,1845021273552852584641902612572920201729794281255264421458068445493080288375647080,3.12.3,Linux-6.8.0-138-generic-x86_64-with-glibc2.39,unknown,2026-09-04T15:36:00.995567+00:00
n-scaling,proposed,t-inc,100,100,20460809,19,timing,rank,129.228313000,,True,1845021273552852584641902612572920201729794281255264421458068445493080288375647080,3.12.3,Linux-6.8.0-138-generic-x86_64-with-glibc2.39,unknown,2026-09-04T15:36:00.995567+00:00
n-scaling,proposed,t-inc,100,100,20460809,20,timing,unrank,115.379572000,,True,1845021273552852584641902612572920201729794281255264421458068445493080288375647080,3.12.3,Linux-6.8.0-138-generic-x86_64-with-glibc2.39,unknown,2026-09-04T15:36:00.995567+00:00
n-scaling,proposed,t-inc,100,100,20460809,20,timing,rank,128.252847000,,True,1845021273552852584641902612572920201729794281255264421458068445493080288375647080,3.12.3,Linux-6.8.0-138-generic-x86_64-with-glibc2.39,unknown,2026-09-04T15:36:00.995567+00:00
n-scaling,proposed,t-inc,100,100,20460809,21,timing,unrank,116.070139000,,True,1845021273552852584641902612572920201729794281255264421458068445493080288375647080,3.12.3,Linux-6.8.0-138-generic-x86_64-with-glibc2.39,unknown,2026-09-04T15:36:00.995567+00:00
n-scaling,proposed,t-inc,100,100,20460809,21,timing,rank,111.305205000,,True,1845021273552852584641902612572920201729794281255264421458068445493080288375647080,3.12.3,Linux-6.8.0-138-generic-x86_64-with-glibc2.39,unknown,2026-09-04T15:36:00.995567+00:00
n-scaling,proposed,t-inc,100,100,20460809,22,timing,unrank,104.326476000,,True,1845021273552852584641902612572920201729794281255264421458068445493080288375647080,3.12.3,Linux-6.8.0-138-generic-x86_64-with-glibc2.39,unknown,2026-09-04T15:36:00.995567+00:00
n-scaling,proposed,t-inc,100,100,20460809,22,timing,rank,107.227421000,,True,1845021273552852584641902612572920201729794281255264421458068445493080288375647080,3.12.3,Linux-6.8.0-138-generic-x86_64-with-glibc2.39,unknown,2026-09-04T15:36:00.995567+00:00
n-scaling,proposed,t-inc,100,100,20460809,23,timing,unrank,130.610792000,,True,1845021273552852584641902612572920201729794281255264421458068445493080288375647080,3.12.3,Linux-6.8.0-138-generic-x86_64-with-glibc2.39,unknown,2026-09-04T15:36:00.995567+00:00
n-scaling,proposed,t-inc,100,100,20460809,23,timing,rank,134.609003000,,True,1845021273552852584641902612572920201729794281255264421458068445493080288375647080,3.12.3,Linux-6.8.0-138-generic-x86_64-with-glibc2.39,unknown,2026-09-04T15:36:00.995567+00:00
n-scaling,proposed,t-inc,100,100,20460809,24,timing,unrank,139.622788000,,True,1845021273552852584641902612572920201729794281255264421458068445493080288375647080,3.12.3,Linux-6.8.0-138-generic-x86_64-with-glibc2.39,unknown,2026-09-04T15:36:00.995567+00:00
n-scaling,proposed,t-inc,100,100,20460809,24,timing,rank,144.994781000,,True,1845021273552852584641902612572920201729794281255264421458068445493080288375647080,3.12.3,Linux-6.8.0-138-generic-x86_64-with-glibc2.39,unknown,2026-09-04T15:36:00.995567+00:00
n-scaling,proposed,t-inc,100,100,20460809,25,timing,unrank,124.794170000,,True,1845021273552852584641902612572920201729794281255264421458068445493080288375647080,3.12.3,Linux-6.8.0-138-generic-x86_64-with-glibc2.39,unknown,2026-09-04T15:36:00.995567+00:00
n-scaling,proposed,t-inc,100,100,20460809,25,timing,rank,124.651794000,,True,1845021273552852584641902612572920201729794281255264421458068445493080288375647080,3.12.3,Linux-6.8.0-138-generic-x86_64-with-glibc2.39,unknown,2026-09-04T15:36:00.995567+00:00
n-scaling,proposed,t-inc,100,100,20460809,26,timing,unrank,146.149330000,,True,1845021273552852584641902612572920201729794281255264421458068445493080288375647080,3.12.3,Linux-6.8.0-138-generic-x86_64-with-glibc2.39,unknown,2026-09-04T15:36:00.995567+00:00
n-scaling,proposed,t-inc,100,100,20460809,26,timing,rank,145.237526000,,True,1845021273552852584641902612572920201729794281255264421458068445493080288375647080,3.12.3,Linux-6.8.0-138-generic-x86_64-with-glibc2.39,unknown,2026-09-04T15:36:00.995567+00:00
n-scaling,proposed,t-inc,100,100,20460809,27,timing,unrank,134.000364000,,True,1845021273552852584641902612572920201729794281255264421458068445493080288375647080,3.12.3,Linux-6.8.0-138-generic-x86_64-with-glibc2.39,unknown,2026-09-04T15:36:00.995567+00:00
n-scaling,proposed,t-inc,100,100,20460809,27,timing,rank,124.016275000,,True,1845021273552852584641902612572920201729794281255264421458068445493080288375647080,3.12.3,Linux-6.8.0-138-generic-x86_64-with-glibc2.39,unknown,2026-09-04T15:36:00.995567+00:00
n-scaling,proposed,t-inc,100,100,20460809,28,timing,unrank,123.080223000,,True,1845021273552852584641902612572920201729794281255264421458068445493080288375647080,3.12.3,Linux-6.8.0-138-generic-x86_64-with-glibc2.39,unknown,2026-09-04T15:36:00.995567+00:00
n-scaling,proposed,t-inc,100,100,20460809,28,timing,rank,124.840997000,,True,1845021273552852584641902612572920201729794281255264421458068445493080288375647080,3.12.3,Linux-6.8.0-138-generic-x86_64-with-glibc2.39,unknown,2026-09-04T15:36:00.995567+00:00
n-scaling,proposed,t-inc,100,100,20460809,29,timing,unrank,131.821364000,,True,1845021273552852584641902612572920201729794281255264421458068445493080288375647080,3.12.3,Linux-6.8.0-138-generic-x86_64-with-glibc2.39,unknown,2026-09-04T15:36:00.995567+00:00
n-scaling,proposed,t-inc,100,100,20460809,29,timing,rank,132.191976000,,True,1845021273552852584641902612572920201729794281255264421458068445493080288375647080,3.12.3,Linux-6.8.0-138-generic-x86_64-with-glibc2.39,unknown,2026-09-04T15:36:00.995567+00:00
n-scaling,proposed,t-inc,100,100,20460809,0,memory,unrank,,10.640625,True,1845021273552852584641902612572920201729794281255264421458068445493080288375647080,3.12.3,Linux-6.8.0-138-generic-x86_64-with-glibc2.39,unknown,2026-09-04T15:36:00.995567+00:00
n-scaling,proposed,t-inc,100,100,20460809,0,memory,rank,,9.630859,True,1845021273552852584641902612572920201729794281255264421458068445493080288375647080,3.12.3,Linux-6.8.0-138-generic-x86_64-with-glibc2.39,unknown,2026-09-04T15:36:00.995567+00:00
n-scaling,proposed,t-inc,100,100,20460809,1,memory,unrank,,10.640625,True,1845021273552852584641902612572920201729794281255264421458068445493080288375647080,3.12.3,Linux-6.8.0-138-generic-x86_64-with-glibc2.39,unknown,2026-09-04T15:36:00.995567+00:00
n-scaling,proposed,t-inc,100,100,20460809,1,memory,rank,,9.630859,True,1845021273552852584641902612572920201729794281255264421458068445493080288375647080,3.12.3,Linux-6.8.0-138-generic-x86_64-with-glibc2.39,unknown,2026-09-04T15:36:00.995567+00:00
n-scaling,proposed,t-inc,100,100,20460809,2,memory,unrank,,10.640625,True,1845021273552852584641902612572920201729794281255264421458068445493080288375647080,3.12.3,Linux-6.8.0-138-generic-x86_64-with-glibc2.39,unknown,2026-09-04T15:36:00.995567+00:00
n-scaling,proposed,t-inc,100,100,20460809,2,memory,rank,,9.630859,True,1845021273552852584641902612572920201729794281255264421458068445493080288375647080,3.12.3,Linux-6.8.0-138-generic-x86_64-with-glibc2.39,unknown,2026-09-04T15:36:00.995567+00:00
n-scaling,proposed,t-inc,100,100,20460809,3,memory,unrank,,10.640625,True,1845021273552852584641902612572920201729794281255264421458068445493080288375647080,3.12.3,Linux-6.8.0-138-generic-x86_64-with-glibc2.39,unknown,2026-09-04T15:36:00.995567+00:00
n-scaling,proposed,t-inc,100,100,20460809,3,memory,rank,,9.630859,True,1845021273552852584641902612572920201729794281255264421458068445493080288375647080,3.12.3,Linux-6.8.0-138-generic-x86_64-with-glibc2.39,unknown,2026-09-04T15:36:00.995567+00:00
n-scaling,proposed,t-inc,100,100,20460809,4,memory,unrank,,10.640625,True,1845021273552852584641902612572920201729794281255264421458068445493080288375647080,3.12.3,Linux-6.8.0-138-generic-x86_64-with-glibc2.39,unknown,2026-09-04T15:36:00.995567+00:00
n-scaling,proposed,t-inc,100,100,20460809,4,memory,rank,,9.630859,True,1845021273552852584641902612572920201729794281255264421458068445493080288375647080,3.12.3,Linux-6.8.0-138-generic-x86_64-with-glibc2.39,unknown,2026-09-04T15:36:00.995567+00:00
